,School Code,School Full Name,Original RAM Funding $,RAM Funding - post Adjustments $
0,1001.0,Abbotsford Public School,,
1,1002.0,Aberdeen Public School,,
2,1003.0,Abermain Public School,,
3,1007.0,Adaminaby Public School,,
4,1008.0,Adamstown Public School,,
5,1009.0,Adelong Public School,,
6,1015.0,Albion Park Public School,,
7,1016.0,Timbumburi Public School,,
8,1017.0,Albury Public School,,
9,1019.0,Albury West Public School,,
10,1028.0,Alma Public School,,
11,1030.0,Alstonville Public School,,
12,1040.0,Anna Bay Public School,,
13,1041.0,Annandale Public School,,
14,1042.0,Annandale North Public School,,
15,1045.0,Appin Public School,,
16,1048.0,Arcadia Public School,,
17,1051.0,Ardlethan Central School,,
18,1055.0,Ariah Park Central School,,
19,1057.0,Armidale City Public School,,
20,1058.0,Drummond Memorial Public School,,
21,1061.0,Artarmon Public School,,
22,1064.0,Ashbury Public School,,
23,1065.0,Ashfield Public School,,
24,1066.0,Ashford Central School,,
25,1070.0,Asquith Public School,,
26,1071.0,Attunga Public School,,
27,1073.0,Auburn North Public School,,
28,1075.0,Auburn West Public School,,
29,1076.0,Austinmer Public School,,
30,1077.0,Austral Public School,,
31,1081.0,Avoca Public School,,
32,1082.0,Avoca Beach Public School,,
33,1084.0,Awaba Public School,,
34,1085.0,Colo Vale Public School,,
35,1098.0,Bald Blair Public School,,
36,1104.0,Seaforth Public School,,
37,1106.0,Balgownie Public School,,
38,1111.0,Ballimore Public School,,
39,1112.0,Ballina Public School,,
40,1115.0,Balranald Central School,,
41,1118.0,Bangalow Public School,,
42,1121.0,Banksmeadow Public School,,
43,1123.0,Greenacre Public School,,
44,1124.0,Bankstown North Public School,,
45,1129.0,Banora Point Public School,,
46,1130.0,Baradine Central School,,
47,1131.0,Barellan Central School,,
48,1134.0,Bargo Public School,,
49,1135.0,Barham Public School,,
50,1136.0,Barkers Vale Public School,,
51,1137.0,Barmedman Public School,,
52,1138.0,Barnsley Public School,,
53,1139.0,Barooga Public School,,
54,1140.0,Barraba Central School,,
55,1143.0,Barrington Public School,,
56,1146.0,Baryulgil Public School,,
57,1148.0,Bass Hill Public School,,
58,1149.0,Batemans Bay Public School,,
59,1150.0,Bathurst Public School,,
60,1152.0,Batlow Technology School,,
61,1160.0,Beckom Public School,,
62,1164.0,Bedgerabong Public School,,
63,1165.0,Beechwood Public School,,
64,1166.0,Beecroft Public School,,
65,1167.0,Beelbangera Public School,,
66,1168.0,Bega Valley Public School,,
67,1175.0,Bellata Public School,,
68,1177.0,Bellbird Public School,,
69,1178.0,Bellbrook Public School,,
70,1179.0,Bellevue Hill Public School,,
71,1181.0,Bellingen Public School,,
72,1182.0,Belltrees Public School,,
73,1183.0,Belmont Public School,,
74,1185.0,Belmore North Public School,,
75,1186.0,Belmore South Public School,,
76,1189.0,Bemboka Public School,,
77,1191.0,Bendemeer Public School,,
78,1196.0,Ben Lomond Public School,,
79,1198.0,Ben Venue Public School,,
80,1199.0,Berala Public School,,
81,1201.0,Beresfield Public School,,
82,1202.0,Berkeley Public School,,
83,1203.0,Berkeley Vale Public School,,
84,1204.0,Bermagui Public School,,
85,1205.0,Berowra Public School,,
86,1206.0,Berridale Public School,,
87,1207.0,Berrigan Public School,,
88,1209.0,Berrima Public School,,
89,1211.0,Berry Public School,,
90,1215.0,Beverly Hills Public School,,
91,1217.0,Bexhill Public School,,
92,1223.0,Bigga Public School,,
93,1224.0,Bilambil Public School,,
94,1227.0,Ocean Shores Public School,,
95,1228.0,Bilpin Public School,,
96,1230.0,Binalong Public School,,
97,1231.0,Binda Public School,,
98,1234.0,Bingara Central School,,
99,1237.0,Binnaway Central School,,
100,1238.0,Binya Public School,,
101,1240.0,Birchgrove Public School,,
102,1246.0,Blackheath Public School,,
103,1247.0,Black Hill Public School,,
104,1249.0,Black Mountain Public School,,
105,1252.0,Blackville Public School,,
106,1254.0,Blakebrook Public School,,
107,1255.0,Blakehurst Public School,,
108,1256.0,Blandford Public School,,
109,1257.0,Blaxcell Street Public School,,
110,1258.0,Blaxland Public School,,
111,1260.0,Blayney Public School,,
112,1261.0,Blighty Public School,,
113,1266.0,Boambee Public School,,
114,1269.0,Bobin Public School,,
115,1271.0,Bobs Farm Public School,,
116,1272.0,Bodalla Public School,,
117,1274.0,Bogan Gate Public School,,
118,1275.0,Boggabilla Central School,,
119,1276.0,Boggabri Public School,,
120,1286.0,Bolwarra Public School,,
121,1287.0,Bomaderry Public School,,
122,1288.0,Bombala Public School,,
123,1290.0,Bonalbo Central School,,
124,1292.0,Bondi Beach Public School,,
125,1293.0,Bongongo Public School,,
126,1296.0,Bonshaw Public School,,
127,1297.0,Bonville Public School,,
128,1302.0,Boolaroo Public School,,
129,1303.0,Booligal Public School,,
130,1307.0,Boomi Public School,,
131,1311.0,Booral Public School,,
132,1313.0,Boorowa Central School,,
133,1318.0,Boree Creek Public School,,
134,1320.0,Boronia Park Public School,,
135,1321.0,Bossley Park Public School,,
136,1323.0,Botany Public School,,
137,1326.0,Bourke Public School,,
138,1334.0,Bowning Public School,,
139,1335.0,Bowral Public School,,
140,1336.0,Bowraville Central School,,
141,1340.0,Braidwood Central School,,
142,1341.0,Branxton Public School,,
143,1345.0,Breadalbane Public School,,
144,1346.0,Colo Heights Public School,,
145,1347.0,Bredbo Public School,,
146,1350.0,Brewarrina Central School,,
147,1354.0,Bribbaree Public School,,
148,1358.0,Brighton-Le-Sands Public School,,
149,1360.0,Bringelly Public School,,
150,1361.0,Broadwater Public School,,
151,1363.0,Brocklesby Public School,,
152,1367.0,Broke Public School,,
153,1369.0,Broken Hill Public School,,
154,1371.0,Broken Hill North Public School,,
155,1372.0,Bronte Public School,,
156,1377.0,Brooklyn Public School,,
157,1379.0,Brookvale Public School,,
158,1387.0,Brungle Public School,,
159,1389.0,Brunswick Heads Public School,,
160,1402.0,Bulahdelah Central School,,
161,1411.0,Bulli Public School,,
162,1414.0,Bundanoon Public School,,
163,1415.0,Bundarra Central School,,
164,1421.0,Bungendore Public School,,
165,1424.0,Bungwahl Public School,,
166,1425.0,Bunnaloo Public School,,
167,1432.0,Burke Ward Public School,,
168,1433.0,Burnside Public School,,
169,1445.0,Burrawang Public School,,
170,1447.0,Burren Junction Public School,,
171,1449.0,Burringbar Public School,,
172,1453.0,Burrumbuttock Public School,,
173,1455.0,Burwood Public School,,
174,1460.0,Buxton Public School,,
175,1470.0,Byron Bay Public School,,
176,1471.0,Cabbage Tree Island Public School,,
177,1472.0,Cabramatta Public School,,
178,1481.0,Cambewarra Public School,,
179,1482.0,Camden Public School,,
180,1483.0,Camdenville Public School,,
181,1485.0,Cammeray Public School,,
182,1486.0,Campbelltown Public School,,
183,1488.0,Campsie Public School,,
184,1490.0,Candelo Public School,,
185,1492.0,Caniaba Public School,,
186,1494.0,Canley Vale Public School,,
187,1495.0,Canobolas Public School,,
188,1497.0,Canterbury Public School,,
189,1498.0,Brisbania Public School,,
190,1499.0,Uranquinty Public School,,
191,1501.0,Capertee Public School,,
192,1502.0,Captains Flat Public School,,
193,1503.0,Caragabal Public School,,
194,1504.0,Carcoar Public School,,
195,1505.0,Cardiff Public School,,
196,1506.0,Cargo Public School,,
197,1507.0,Carinda Public School,,
198,1508.0,Caringbah Public School,,
199,1512.0,Carlton Public School,,
200,1513.0,Carlton South Public School,,
201,1515.0,Carool Public School,,
202,1517.0,Carrathool Public School,,
203,1518.0,Carrington Public School,,
204,1520.0,Carroll Public School,,
205,1526.0,Casino Public School,,
206,1527.0,Cassilis Public School,,
207,1529.0,Castle Hill Public School,,
208,1535.0,Cattai Public School,,
209,1537.0,Cawdor Public School,,
210,1542.0,Cessnock Public School,,
211,1543.0,Cessnock East Public School,,
212,1545.0,Cessnock West Public School,,
213,1547.0,Chandler Public School,,
214,1548.0,The Channon Public School,,
215,1550.0,Charlestown Public School,,
216,1551.0,Pacific Palms Public School,,
217,1553.0,Chatsworth Island Public School,,
218,1558.0,Chillingham Public School,,
219,1560.0,Chipping Norton Public School,,
220,1564.0,Clarence Town Public School,,
221,1566.0,Clemton Park Public School,,
222,1573.0,Clovelly Public School,,
223,1574.0,Clunes Public School,,
224,1578.0,Cobar Public School,,
225,1579.0,Cobargo Public School,,
226,1580.0,Cobbitty Public School,,
227,1583.0,Coffee Camp Public School,,
228,1584.0,Coffs Harbour Public School,,
229,1587.0,Coledale Public School,,
230,1589.0,Collarenebri Central School,,
231,1590.0,Collector Public School,,
232,1593.0,Collins Creek Public School,,
233,1596.0,Colyton Public School,,
234,1601.0,Comboyne Public School,,
235,1604.0,Comleroy Road Public School,,
236,1605.0,Como Public School,,
237,1606.0,Conargo Public School,,
238,1607.0,Concord Public School,,
239,1608.0,Concord West Public School,,
240,1609.0,Condobolin Public School,,
241,1611.0,Condong Public School,,
242,1612.0,Coniston Public School,,
243,1613.0,Connells Point Public School,,
244,1615.0,Cooerwull Public School,,
245,1616.0,Coogee Public School,,
246,1621.0,Coolah Central School,,
247,1624.0,Coolamon Central School,,
248,1625.0,Shoalhaven Heads Public School,,
249,1627.0,Coolongolook Public School,,
250,1628.0,Cooma Public School,,
251,1630.0,Coonabarabran Public School,,
252,1631.0,Coonamble Public School,,
253,1632.0,Coopernook Public School,,
254,1634.0,Coorabell Public School,,
255,1635.0,Cooranbong Public School,,
256,1636.0,Cootamundra Public School,,
257,1642.0,Copmanhurst Public School,,
258,1644.0,Coraki Public School,,
259,1647.0,Coramba Public School,,
260,1654.0,Corindi Public School,,
261,1656.0,Corndale Public School,,
262,1658.0,Corowa Public School,,
263,1659.0,Corowa South Public School,,
264,1661.0,Corrimal Public School,,
265,1666.0,Coutts Crossing Public School,,
266,1668.0,Cowan Public School,,
267,1670.0,Cowper Public School,,
268,1671.0,Cowra Public School,,
269,1674.0,Crabbes Creek Public School,,
270,1681.0,Crescent Head Public School,,
271,1682.0,Cronulla Public School,,
272,1684.0,Crookwell Public School,,
273,1685.0,Crossmaglen Public School,,
274,1688.0,Buronga Public School,,
275,1690.0,Crystal Creek Public School,,
276,1695.0,Cudal Public School,,
277,1696.0,Cudgen Public School,,
278,1698.0,Culcairn Public School,,
279,1700.0,Cullen Bullen Public School,,
280,1707.0,Cumnock Public School,,
281,1708.0,Cundletown Public School,,
282,1712.0,Curlewis Public School,,
283,1714.0,Currabubula Public School,,
284,1722.0,Dalgety Public School,,
285,1723.0,Dalton Public School,,
286,1727.0,Dapto Public School,,
287,1732.0,Dareton Public School,,
288,1735.0,Darlington Public School,,
289,1736.0,Darlington Point Public School,,
290,1740.0,Leeville Public School,,
291,1742.0,Deepwater Public School,,
292,1744.0,Dee Why Public School,,
293,1745.0,Delegate Public School,,
294,1747.0,Delungra Public School,,
295,1749.0,Denman Public School,,
296,1760.0,Doonside Public School,,
297,1762.0,Dora Creek Public School,,
298,1768.0,Double Bay Public School,,
299,1770.0,Douglas Park Public School,,
300,1771.0,Drake Public School,,
301,1774.0,Drummoyne Public School,,
302,1775.0,Dubbo Public School,,
303,1776.0,Dubbo North Public School,,
304,1778.0,Dudley Public School,,
305,1780.0,Lismore Public School,,
306,1788.0,Dundurrabin Public School,,
307,1789.0,Dunedoo Central School,,
308,1791.0,Dungay Public School,,
309,1792.0,Dungog Public School,,
310,1793.0,Dungowan Public School,,
311,1797.0,Dunoon Public School,,
312,1799.0,Dural Public School,,
313,1801.0,Duranbah Public School,,
314,1802.0,Duri Public School,,
315,1803.0,Durrumbul Public School,,
316,1807.0,Earlwood Public School,,
317,1808.0,Eastern Creek Public School,,
318,1809.0,Panania Public School,,
319,1811.0,Dubbo South Public School,,
320,1813.0,Ebenezer Public School,,
321,1814.0,Ebor Public School,,
322,1816.0,Eden Public School,,
323,1822.0,Congewai Public School,,
324,1823.0,Eglinton Public School,,
325,1824.0,Elands Public School,,
326,1826.0,Ellalong Public School,,
327,1830.0,Ellerston Public School,,
328,1835.0,Eltham Public School,,
329,1838.0,Emmaville Central School,,
330,1839.0,Empire Bay Public School,,
331,1840.0,Empire Vale Public School,,
332,1841.0,Emu Plains Public School,,
333,1844.0,Enfield Public School,,
334,1845.0,Engadine Public School,,
335,1849.0,The Entrance Public School,,
336,1850.0,Epping Public School,,
337,1851.0,Epping West Public School,,
338,1856.0,Erina Heights Public School,,
339,1857.0,Woodport Public School,,
340,1860.0,Ermington Public School,,
341,1864.0,Ettalong Public School,,
342,1867.0,Euabalong West Public School,,
343,1870.0,Eugowra Public School,,
344,1873.0,Eumungerie Public School,,
345,1874.0,Eungai Public School,,
346,1879.0,Eureka Public School,,
347,1883.0,Eurongilly Public School,,
348,1885.0,Euston Public School,,
349,1886.0,Evans River Community School,,
350,1890.0,Excelsior Public School,,
351,1891.0,Exeter Public School,,
352,1894.0,Fairfax Public School,,
353,1895.0,Fairfield Public School,,
354,1896.0,Fairfield West Public School,,
355,1898.0,Fairy Meadow Public School,,
356,1901.0,Falls Creek Public School,,
357,1904.0,Fassifern Public School,,
358,1915.0,Fingal Head Public School,,
359,1920.0,Five Dock Public School,,
360,1921.0,Lord Howe Island Central School,,
361,1926.0,Forbes Public School,,
362,1930.0,Forest Hill Public School,,
363,1932.0,Forest Lodge Public School,,
364,1936.0,Forster Public School,,
365,1937.0,Fort Street Public School,,
366,1943.0,Frederickton Public School,,
367,1944.0,Freemans Reach Public School,,
368,1946.0,Frenchs Forest Public School,,
369,1952.0,Galston Public School,,
370,1954.0,Ganmain Public School,,
371,1956.0,Garah Public School,,
372,1969.0,Gerogery Public School,,
373,1971.0,Gerringong Public School,,
374,1972.0,Geurie Public School,,
375,1974.0,Sandy Hollow Public School,,
376,1978.0,Gilgai Public School,,
377,1979.0,Gilgandra Public School,,
378,1982.0,Gillieston Public School,,
379,1986.0,Girilambone Public School,,
380,1988.0,Girraween Public School,,
381,1990.0,Gladesville Public School,,
382,1991.0,Gladstone Public School,,
383,1992.0,Windang Public School,,
384,1994.0,Glenbrook Public School,,
385,2001.0,Glenfield Public School,,
386,2003.0,Glenhaven Public School,,
387,2005.0,Glen Innes Public School,,
388,2009.0,Glenmore Road Public School,,
389,2012.0,Glenorie Public School,,
390,2015.0,Glenquarry Public School,,
391,2016.0,Glenreagh Public School,,
392,2020.0,Glen William Public School,,
393,2021.0,Glossodia Public School,,
394,2027.0,Gol Gol Public School,,
395,2033.0,Goodooga Central School,,
396,2035.0,Goolgowi Public School,,
397,2036.0,Goolma Public School,,
398,2037.0,Goolmangar Public School,,
399,2038.0,Gooloogong Public School,,
400,2041.0,Goonellabah Public School,,
401,2042.0,Goonengerry Public School,,
402,2049.0,Gosford Public School,,
403,2053.0,Goulburn Public School,,
404,2054.0,Goulburn East Public School,,
405,2055.0,Goulburn North Public School,,
406,2056.0,Goulburn South Public School,,
407,2060.0,Grafton Public School,,
408,2061.0,South Grafton Public School,,
409,2064.0,Granville Public School,,
410,2066.0,Granville South Public School,,
411,2068.0,Gravesend Public School,,
412,2070.0,Greenethorpe Public School,,
413,2071.0,Green Hill Public School,,
414,2075.0,Green Valley Public School,,
415,2076.0,Greenwich Public School,,
416,2082.0,Grenfell Public School,,
417,2083.0,Gresford Public School,,
418,2084.0,Greta Public School,,
419,2086.0,Greystanes Public School,,
420,2087.0,Griffith Public School,,
421,2093.0,Guildford Public School,,
422,2094.0,Gulargambone Central School,,
423,2097.0,Gulgong Public School,,
424,2099.0,Gulmarrad Public School,,
425,2100.0,Gum Flat Public School,,
426,2102.0,Gundagai Public School,,
427,2103.0,Gundagai South Public School,,
428,2104.0,Gundaroo Public School,,
429,2109.0,Gunnedah Public School,,
430,2111.0,Gunning Public School,,
431,2114.0,Guyra Central School,,
432,2115.0,Gwabegar Public School,,
433,2116.0,Gymea Bay Public School,,
434,2117.0,Haberfield Public School,,
435,2128.0,Hammondville Public School,,
436,2129.0,Hampton Public School,,
437,2131.0,Hannam Vale Public School,,
438,2132.0,Hanwood Public School,,
439,2133.0,Harbord Public School,,
440,2136.0,Hargraves Public School,,
441,2139.0,Harrington Public School,,
442,2142.0,Harwood Island Public School,,
443,2145.0,Hay Public School,,
444,2149.0,Heathcote Public School,,
445,2153.0,Helensburgh Public School,,
446,2154.0,Henty Public School,,
447,2155.0,Hermidale Public School,,
448,2156.0,Hernani Public School,,
449,2157.0,Herons Creek Public School,,
450,2161.0,Hill End Public School,,
451,2164.0,Hillside Public School,,
452,2165.0,Hillston Central School,,
453,2166.0,Hill Top Public School,,
454,2167.0,Hinton Public School,,
455,2170.0,Holbrook Public School,,
456,2171.0,Holgate Public School,,
457,2172.0,Holmwood Public School,,
458,2173.0,Homebush Public School,,
459,2177.0,Telarah Public School,,
460,2182.0,Horsley Park Public School,,
461,2186.0,Howlong Public School,,
462,2187.0,Hoxton Park Public School,,
463,2188.0,Humula Public School,,
464,2189.0,Hunters Hill Public School,,
465,2190.0,Huntingdon Public School,,
466,2193.0,Rathmines Public School,,
467,2197.0,Hurstville Public School,,
468,2198.0,Hurstville South Public School,,
469,2199.0,Huskisson Public School,,
470,2201.0,Ilford Public School,,
471,2203.0,Illabo Public School,,
472,2204.0,Iluka Public School,,
473,2206.0,Ingleburn Public School,,
474,2209.0,Inverell Public School,,
475,2211.0,Iona Public School,,
476,2212.0,Islington Public School,,
477,2213.0,Ivanhoe Central School,,
478,2214.0,Fernleigh Public School,,
479,2218.0,Jamberoo Public School,,
480,2223.0,Jennings Public School,,
481,2226.0,Jerilderie Public School,,
482,2231.0,Jerrys Plains Public School,,
483,2234.0,Jesmond Public School,,
484,2235.0,Jiggi Public School,,
485,2236.0,Jilliby Public School,,
486,2237.0,Jindabyne Central School,,
487,2239.0,Jindera Public School,,
488,2243.0,Johns River Public School,,
489,2245.0,Jugiong Public School,,
490,2246.0,The Junction Public School,,
491,2247.0,Junee Public School,,
492,2248.0,Junee North Public School,,
493,2254.0,Kandos Public School,,
494,2255.0,Kangaloon Public School,,
495,2256.0,Kangaroo Valley Public School,,
496,2259.0,Kanwal Public School,,
497,2260.0,Karangi Public School,,
498,2263.0,Karuah Public School,,
499,2267.0,Kearsley Public School,,
500,2270.0,Kegworth Public School,,
501,2271.0,Keiraville Public School,,
502,2273.0,Kellys Plains Public School,,
503,2274.0,Kellyville Public School,,
504,2275.0,Kelso Public School,,
505,2278.0,Kempsey East Public School,,
506,2279.0,Kempsey West Public School,,
507,2280.0,Kendall Public School,,
508,2283.0,Kensington Public School,,
509,2284.0,Kenthurst Public School,,
510,2285.0,Kentlyn Public School,,
511,2286.0,Kentucky Public School,,
512,2293.0,Kiama Public School,,
513,2303.0,Kinchela Public School,,
514,2304.0,Kincumber Public School,,
515,2307.0,Kingsgrove Public School,,
516,2308.0,Bexley North Public School,,
517,2310.0,Kingstown Public School,,
518,2312.0,Kingswood Public School,,
519,2314.0,Kirkton Public School,,
520,2315.0,Kitchener Public School,,
521,2319.0,Kogarah Public School,,
522,2326.0,Koorawatha Public School,,
523,2327.0,Kootingal Public School,,
524,2330.0,Kororo Public School,,
525,2333.0,Krambach Public School,,
526,2334.0,Kulnura Public School,,
527,2340.0,Kurmond Public School,,
528,2341.0,Kurnell Public School,,
529,2342.0,Kurrajong Public School,,
530,2343.0,Kurrajong East Public School,,
531,2344.0,Kurrajong North Public School,,
532,2349.0,Kyogle Public School,,
533,2353.0,Ladysmith Public School,,
534,2354.0,Laggan Public School,,
535,2356.0,Laguna Public School,,
536,2357.0,Lake Albert Public School,,
537,2359.0,Lake Cargelligo Central School,,
538,2360.0,Lakemba Public School,,
539,2362.0,Lake Munmorah Public School,,
540,2363.0,Lake Wyangan Public School,,
541,2366.0,Lambton Public School,,
542,2368.0,Lane Cove Public School,,
543,2370.0,Lansdowne Public School,,
544,2372.0,Upper Lansdowne Public School,,
545,2373.0,La Perouse Public School,,
546,2374.0,Largs Public School,,
547,2375.0,Larnook Public School,,
548,2377.0,Laurieton Public School,,
549,2378.0,Lavington Public School,,
550,2379.0,Lawrence Public School,,
551,2381.0,Lawson Public School,,
552,2386.0,Leeton Public School,,
553,2391.0,Leura Public School,,
554,2394.0,Lidcombe Public School,,
555,2395.0,Lightning Ridge Central School,,
556,2403.0,Lindfield Public School,,
557,2404.0,Lindfield East Public School,,
558,2407.0,Lisarow Public School,,
559,2409.0,Lismore South Public School,,
560,2410.0,Lithgow Public School,,
561,2413.0,Llandilo Public School,,
562,2417.0,Lochinvar Public School,,
563,2418.0,Lockhart Central School,,
564,2421.0,Londonderry Public School,,
565,2423.0,Long Flat Public School,,
566,2428.0,Lowanna Public School,,
567,2429.0,Lowesdale Public School,,
568,2431.0,Luddenham Public School,,
569,2432.0,Lue Public School,,
570,2436.0,Lyndhurst Public School,,
571,2439.0,Macdonald Valley Public School,,
572,2444.0,Macksville Public School,,
573,2448.0,Maimuru Public School,,
574,2451.0,Maitland East Public School,,
575,2454.0,Malabar Public School,,
576,2460.0,Mandurama Public School,,
577,2464.0,Manifold Public School,,
578,2465.0,Manildra Public School,,
579,2469.0,Manly West Public School,,
580,2472.0,Maraylya Public School,,
581,2476.0,Pelican Flat Public School,,
582,2480.0,Maroota Public School,,
583,2482.0,Maroubra Bay Public School,,
584,2485.0,Marrar Public School,,
585,2489.0,Marsden Park Public School,,
586,2492.0,Martindale Public School,,
587,2493.0,Martins Creek Public School,,
588,2494.0,Martins Gully Public School,,
589,2496.0,Marulan Public School,,
590,2499.0,Mascot Public School,,
591,2500.0,Mathoura Public School,,
592,2501.0,Matong Public School,,
593,2502.0,Matraville Public School,,
594,2506.0,Mayfield East Public School,,
595,2507.0,Mayfield West Public School,,
596,2508.0,Mayrung Public School,,
597,2509.0,Meadow Flat Public School,,
598,2510.0,The Meadows Public School,,
599,2511.0,Medlow Public School,,
600,2512.0,Medowie Public School,,
601,2515.0,Megalong Public School,,
602,2520.0,Menai Public School,,
603,2522.0,Mendooran Central School,,
604,2523.0,Menindee Central School,,
605,2525.0,Merewether Public School,,
606,2526.0,Merimbula Public School,,
607,2528.0,Merriwa Central School,,
608,2531.0,Merrylands Public School,,
609,2532.0,Bonnells Bay Public School,,
610,2540.0,Michelago Public School,,
611,2542.0,Middle Dural Public School,,
612,2543.0,Middle Harbour Public School,,
613,2550.0,Milbrodale Public School,,
614,2554.0,Millers Forest Public School,,
615,2555.0,Millfield Public School,,
616,2558.0,Millthorpe Public School,,
617,2560.0,Milperra Public School,,
618,2565.0,Milton Public School,,
619,2571.0,Minmi Public School,,
620,2572.0,Minto Public School,,
621,2574.0,Miranda Public School,,
622,2580.0,Mitchells Island Public School,,
623,2581.0,Mittagong Public School,,
624,2584.0,Moama Public School,,
625,2585.0,Modanville Public School,,
626,2586.0,Mogo Public School,,
627,2590.0,Molong Central School,,
628,2593.0,Mona Vale Public School,,
629,2599.0,Monteagle Public School,,
630,2608.0,Moonbi Public School,,
631,2616.0,Moorland Public School,,
632,2618.0,Moree Public School,,
633,2621.0,Morisset Public School,,
634,2623.0,Morpeth Public School,,
635,2624.0,Mortdale Public School,,
636,2625.0,Mortlake Public School,,
637,2628.0,Moruya Public School,,
638,2631.0,Moss Vale Public School,,
639,2632.0,Moulamein Public School,,
640,2637.0,Mount George Public School,,
641,2640.0,Mount Hunter Public School,,
642,2641.0,Mount Kanwary Public School,,
643,2642.0,Mount Keira Public School,,
644,2643.0,Mount Kembla Public School,,
645,2647.0,Mount Pleasant Public School,,
646,2648.0,Mount Pritchard Public School,,
647,2652.0,Mount Victoria Public School,,
648,2656.0,Mudgee Public School,,
649,2658.0,Mulbring Public School,,
650,2659.0,Mulgoa Public School,,
651,2660.0,Mullaley Public School,,
652,2664.0,Mullion Creek Public School,,
653,2665.0,Mullumbimby Public School,,
654,2667.0,Mulwala Public School,,
655,2668.0,Clergate Public School,,
656,2669.0,Mumbil Public School,,
657,2671.0,Mummulgum Public School,,
658,2675.0,Mungindi Central School,,
659,2681.0,Murringo Public School,,
660,2685.0,Murrumburrah Public School,,
661,2686.0,Murrurundi Public School,,
662,2687.0,Murwillumbah Public School,,
663,2688.0,Muswellbrook Public School,,
664,2695.0,Nabiac Public School,,
665,2696.0,Nambucca Heads Public School,,
666,2698.0,Nana Glen Public School,,
667,2699.0,Nangus Public School,,
668,2701.0,Naradhan Public School,,
669,2703.0,Narara Public School,,
670,2704.0,Narellan Public School,,
671,2706.0,Narrabeen Lakes Public School,,
672,2708.0,Narrabri Public School,,
673,2709.0,Narrabri West Public School,,
674,2710.0,Narrandera Public School,,
675,2713.0,Narromine Public School,,
676,2714.0,Nashdale Public School,,
677,2723.0,Tomaree Public School,,
678,2725.0,Nemingha Public School,,
679,2730.0,Neutral Bay Public School,,
680,2732.0,Neville Public School,,
681,2736.0,Newcastle East Public School,,
682,2738.0,New Lambton Public School,,
683,2740.0,Newport Public School,,
684,2741.0,Newrybar Public School,,
685,2744.0,Newtown North Public School,,
686,2748.0,Niangala Public School,,
687,2749.0,Nicholson Street Public School,,
688,2751.0,Nimbin Central School,,
689,2752.0,Nimmitabel Public School,,
690,2758.0,Narooma Public School,,
691,2759.0,Nords Wharf Public School,,
692,2760.0,Normanhurst Public School,,
693,2761.0,Northbridge Public School,,
694,2763.0,Northmead Public School,,
695,2764.0,North Rocks Public School,,
696,2765.0,North Star Public School,,
697,2766.0,North Sydney Public School,,
698,2769.0,Nowra Public School,,
699,2771.0,Nulkaba Public School,,
700,2781.0,Nundle Public School,,
701,2784.0,Nymboida Public School,,
702,2785.0,Nyngan Public School,,
703,2789.0,Oakdale Public School,,
704,2791.0,Oaklands Central School,,
705,2793.0,The Oaks Public School,,
706,2794.0,Oakville Public School,,
707,2796.0,Oatley Public School,,
708,2797.0,Oberon Public School,,
709,2798.0,O'Connell Public School,,
710,2799.0,Old Bar Public School,,
711,2800.0,Old Bonalbo Public School,,
712,2801.0,Old Guildford Public School,,
713,2811.0,Orange East Public School,,
714,2812.0,Orange Grove Public School,,
715,2814.0,Orara Upper Public School,,
716,2815.0,Orchard Hills Public School,,
717,2818.0,Otford Public School,,
718,2820.0,Ourimbah Public School,,
719,2826.0,Padstow Park Public School,,
720,2827.0,Pallamallawa Public School,,
721,2829.0,Palmers Island Public School,,
722,2831.0,Pambula Public School,,
723,2835.0,Parkes Public School,,
724,2838.0,Parklea Public School,,
725,2840.0,Parramatta Public School,,
726,2841.0,Wooli Public School,,
727,2842.0,Parramatta North Public School,,
728,2843.0,Parramatta West Public School,,
729,2844.0,Paterson Public School,,
730,2846.0,Paxton Public School,,
731,2848.0,Peak Hill Central School,,
732,2849.0,Peakhurst Public School,,
733,2852.0,Peats Ridge Public School,,
734,2855.0,Pelaw Main Public School,,
735,2857.0,Pennant Hills Public School,,
736,2858.0,West Pennant Hills Public School,,
737,2859.0,Penrith Public School,,
738,2860.0,Penrose Public School,,
739,2861.0,Penshurst Public School,,
740,2862.0,Perthville Public School,,
741,2867.0,Picton Public School,,
742,2870.0,Pilliga Public School,,
743,2884.0,Pitt Town Public School,,
744,2886.0,Pleasant Hills Public School,,
745,2887.0,Plumpton Public School,,
746,2890.0,The Pocket Public School,,
747,2893.0,Pomona Public School,,
748,2895.0,Pooncarie Public School,,
749,2896.0,Port Kembla Public School,,
750,2897.0,Portland Central School,,
751,2899.0,Port Macquarie Public School,,
752,2900.0,Premer Public School,,
753,2901.0,Prestons Public School,,
754,2902.0,Pretty Beach Public School,,
755,2904.0,Primbee Public School,,
756,2910.0,Punchbowl Public School,,
757,2913.0,Putney Public School,,
758,2917.0,Quaama Public School,,
759,2918.0,Quakers Hill Public School,,
760,2919.0,Quambone Public School,,
761,2920.0,Quandialla Public School,,
762,2922.0,Queanbeyan Public School,,
763,2926.0,Leppington Public School,,
764,2927.0,Raglan Public School,,
765,2930.0,Rainbow Street Public School,,
766,2931.0,Raleigh Public School,,
767,2933.0,Rand Public School,,
768,2935.0,Rankins Springs Public School,,
769,2937.0,Rappville Public School,,
770,2943.0,Raymond Terrace Public School,,
771,2946.0,Redhead Public School,,
772,2948.0,Red Range Public School,,
773,2950.0,Regents Park Public School,,
774,2951.0,Regentville Public School,,
775,2955.0,Repton Public School,,
776,2958.0,Revesby Public School,,
777,2965.0,Richmond North Public School,,
778,2968.0,The Risk Public School,,
779,2970.0,Riverstone Public School,,
780,2971.0,Robertson Public School,,
781,2973.0,Rockdale Public School,,
782,2974.0,Rockley Public School,,
783,2976.0,The Rock Central School,,
784,2980.0,Whian Whian Public School,,
785,2983.0,Rocky River Public School,,
786,2985.0,Rollands Plains Upper Public School,,
787,2987.0,Rosebank Public School,,
788,2988.0,Rose Bay Public School,,
789,2994.0,Roseville Public School,,
790,2996.0,Rosewood Public School,,
791,2997.0,Ross Hill Public School,,
792,2999.0,Rossmore Public School,,
793,3006.0,Rous Public School,,
794,3008.0,Rouse Hill Public School,,
795,3013.0,Rukenvale Public School,,
796,3020.0,Rydalmere Public School,,
797,3021.0,Ryde Public School,,
798,3022.0,North Ryde Public School,,
799,3023.0,West Ryde Public School,,
800,3024.0,Rye Park Public School,,
801,3025.0,Rylstone Public School,,
802,3029.0,St Johns Park Public School,,
803,3031.0,St Marys Public School,,
804,3032.0,St Peters Public School,,
805,3035.0,Salt Ash Public School,,
806,3038.0,Sans Souci Public School,,
807,3042.0,Sawtell Public School,,
808,3045.0,Scarborough Public School,,
809,3046.0,Schofields Public School,,
810,3048.0,Seaham Public School,,
811,3053.0,Seven Hills North Public School,,
812,3060.0,Shellharbour Public School,,
813,3065.0,Shortland Public School,,
814,3070.0,Singleton Public School,,
815,3073.0,Smithfield Public School,,
816,3075.0,Smithtown Public School,,
817,3077.0,Sofala Public School,,
818,3078.0,Somersby Public School,,
819,3079.0,Somerton Public School,,
820,3083.0,South West Rocks Public School,,
821,3089.0,Spring Hill Public School,,
822,3091.0,Spring Ridge Public School,,
823,3093.0,Spring Terrace Public School,,
824,3095.0,Springwood Public School,,
825,3103.0,Stanwell Park Public School,,
826,3104.0,Warrawong Public School,,
827,3109.0,Stockinbingal Public School,,
828,3110.0,Stockton Public School,,
829,3112.0,Stokers Siding Public School,,
830,3119.0,Stratford Public School,,
831,3122.0,Stratheden Public School,,
832,3123.0,Strathfield North Public School,,
833,3124.0,Strathfield South Public School,,
834,3125.0,Stroud Public School,,
835,3126.0,Stroud Road Public School,,
836,3127.0,Stuart Town Public School,,
837,3129.0,Summer Hill Public School,,
838,3136.0,Sutherland Public School,,
839,3137.0,Sutton Public School,,
840,3141.0,Swansea Public School,,
841,3143.0,Sylvania Public School,,
842,3145.0,Tabulam Public School,,
843,3147.0,Tacoma Public School,,
844,3148.0,Tahmoor Public School,,
845,3153.0,Tallimba Public School,,
846,3154.0,Tallong Public School,,
847,3156.0,Tambar Springs Public School,,
848,3157.0,Tamworth Public School,,
849,3158.0,Tamworth West Public School,,
850,3159.0,Tanja Public School,,
851,3162.0,Tarago Public School,,
852,3163.0,Taralga Public School,,
853,3165.0,Tarcutta Public School,,
854,3167.0,Taree Public School,,
855,3168.0,Taren Point Public School,,
856,3173.0,Tathra Public School,,
857,3175.0,Tea Gardens Public School,,
858,3176.0,Telegraph Point Public School,,
859,3178.0,Temora Public School,,
860,3180.0,Tenambit Public School,,
861,3182.0,The Sir Henry Parkes Memorial Public School,,
862,3183.0,Teralba Public School,,
863,3185.0,Terara Public School,,
864,3189.0,Terranora Public School,,
865,3190.0,Terrey Hills Public School,,
866,3191.0,Terrigal Public School,,
867,3195.0,Tharbogang Public School,,
868,3200.0,Thirlmere Public School,,
869,3201.0,Thirroul Public School,,
870,3204.0,Thornton Public School,,
871,3208.0,Thurgoona Public School,,
872,3211.0,Tibooburra Outback Public School,,
873,3213.0,Tighes Hill Public School,,
874,3214.0,Central Tilba Public School,,
875,3218.0,Tingha Public School,,
876,3219.0,Tinonee Public School,,
877,3221.0,Tintinhull Public School,,
878,3222.0,Tirranna Public School,,
879,3225.0,Tocumwal Public School,,
880,3226.0,Tomerong Public School,,
881,3235.0,Tooleybuc Central School,,
882,3236.0,Main Arm Upper Public School,,
883,3239.0,Toomelah Public School,,
884,3240.0,Toongabbie Public School,,
885,3242.0,Tooraweenah Public School,,
886,3247.0,Toronto Public School,,
887,3249.0,Tottenham Central School,,
888,3250.0,Toukley Public School,,
889,3252.0,Towamba Public School,,
890,3254.0,Trangie Central School,,
891,3255.0,Tregeagle Public School,,
892,3259.0,Trundle Central School,,
893,3260.0,Trunkey Public School,,
894,3263.0,Tucabia Public School,,
895,3269.0,Tuggerah Public School,,
896,3270.0,Tullamore Central School,,
897,3272.0,Tullibigeal Central School,,
898,3275.0,Tumbarumba Public School,,
899,3277.0,Tumbulgum Public School,,
900,3278.0,Tumut Public School,,
901,3283.0,Tuntable Creek Public School,,
902,3288.0,Turramurra North Public School,,
903,3290.0,Tweed Heads Public School,,
904,3293.0,Tyalgum Public School,,
905,3298.0,Uki Public School,,
906,3302.0,Ulladulla Public School,,
907,3303.0,Ulmarra Public School,,
908,3304.0,Ulong Public School,,
909,3305.0,Ultimo Public School,,
910,3308.0,Unanderra Public School,,
911,3310.0,Undercliffe Public School,,
912,3311.0,Ungarie Central School,,
913,3314.0,Urana Public School,,
914,3316.0,Urbenville Public School,,
915,3318.0,Urunga Public School,,
916,3321.0,Vacy Public School,,
917,3325.0,Vaucluse Public School,,
918,3328.0,Carramar Public School,,
919,3329.0,Vineyard Public School,,
920,3330.0,Wagga Wagga Public School,,
921,3332.0,North Wagga Public School,,
922,3333.0,South Wagga Public School,,
923,3334.0,Waitara Public School,,
924,3336.0,Wakool Burraboi Public School,,
925,3338.0,Walbundrie Public School,,
926,3340.0,Walcha Central School,,
927,3342.0,Walgett Community College - Primary School,,
928,3343.0,Walhallow Public School,,
929,3345.0,Wallabadah Public School,,
930,3346.0,Wallacia Public School,,
931,3352.0,Walla Walla Public School,,
932,3353.0,Wallendbeen Public School,,
933,3354.0,Wallerawang Public School,,
934,3357.0,Wallsend Public School,,
935,3358.0,West Wallsend Public School,,
936,3364.0,Wamoon Public School,,
937,3365.0,Wanaaring Public School,,
938,3373.0,Wangi Wangi Public School,,
939,3377.0,Waratah Public School,,
940,3378.0,Wardell Public School,,
941,3382.0,Warialda Public School,,
942,3384.0,Warners Bay Public School,,
943,3390.0,Warrawee Public School,,
944,3392.0,Warren Central School,,
945,3396.0,Waterfall Public School,,
946,3402.0,Wattle Flat Public School,,
947,3404.0,Wauchope Public School,,
948,3412.0,Wee Jasper Public School,,
949,3415.0,Weethalle Public School,,
950,3416.0,Wee Waa Public School,,
951,3420.0,Wellington Public School,,
952,3421.0,Wentworth Public School,,
953,3422.0,Wentworth Falls Public School,,
954,3423.0,Wentworthville Public School,,
955,3425.0,Werris Creek Public School,,
956,3428.0,Westdale Public School,,
957,3431.0,Weston Public School,,
958,3435.0,White Cliffs Public School,,
959,3438.0,Whitton-Murrami Public School,,
960,3439.0,Wiangaree Public School,,
961,3441.0,Wilberforce Public School,,
962,3442.0,Wilcannia Central School,,
963,3445.0,Willawarrin Public School,,
964,3449.0,Willoughby Public School,,
965,3451.0,Willow Tree Public School,,
966,3453.0,Athelstane Public School,,
967,3454.0,Wilsons Creek Public School,,
968,3457.0,Windellama Public School,,
969,3459.0,Windsor Public School,,
970,3461.0,Wingello Public School,,
971,3470.0,Wisemans Ferry Public School,,
972,3475.0,Wollongbar Public School,,
973,3477.0,Wollongong West Public School,,
974,3479.0,Wolumla Public School,,
975,3482.0,Wombat Public School,,
976,3487.0,Wongarbon Public School,,
977,3490.0,Woodburn Public School,,
978,3491.0,Woodenbong Central School,,
979,3499.0,Woodstock Public School,,
980,3501.0,Woolbrook Public School,,
981,3503.0,Woolgoolga Public School,,
982,3504.0,Borenore Public School,,
983,3506.0,Woolomin Public School,,
984,3510.0,Woonona Public School,,
985,3518.0,Wyalong Public School,,
986,3519.0,West Wyalong Public School,,
987,3521.0,Wyangala Dam Public School,,
988,3522.0,Wyee Public School,,
989,3525.0,Wyndham Public School,,
990,3527.0,Wyong Public School,,
991,3528.0,Wyong Creek Public School,,
992,3529.0,Wyrallah Public School,,
993,3533.0,Yamba Public School,,
994,3534.0,Table Top Public School,,
995,3536.0,Yanco Public School,,
996,3537.0,Yanderra Public School,,
997,3547.0,Yarrowitch Public School,,
998,3549.0,Yass Public School,,
999,3554.0,Yenda Public School,,
1000,3555.0,Yeoval Central School,,
1001,3556.0,Yerong Creek Public School,,
1002,3559.0,Yetman Public School,,
1003,3561.0,Yoogali Public School,,
1004,3563.0,Young Public School,,
1005,3564.0,Edgeworth Public School,,
1006,3566.0,Zig Zag Public School,,
1007,3578.0,Pottsville Beach Public School,,
1008,3580.0,Rowena Public School,,
1009,3591.0,Dubbo West Public School,,
1010,3593.0,Oyster Bay Public School,,
1011,3594.0,Louth Public School,,
1012,3615.0,Kemps Creek Public School,,
1013,3626.0,Enngonia Public School,,
1014,3632.0,Fairfield Heights Public School,,
1015,3635.0,Scotts Head Public School,,
1016,3640.0,Afterlee Public School,,
1017,3643.0,Stuarts Point Public School,,
1018,3659.0,Sussex Inlet Public School,,
1019,3668.0,Cronulla South Public School,,
1020,3673.0,St Georges Basin Public School,,
1021,3678.0,Warwick Farm Public School,,
1022,3690.0,Oxley Vale Public School,,
1023,3696.0,Soldiers Point Public School,,
1024,3698.0,Chester Hill Public School,,
1025,3702.0,Georges Hall Public School,,
1026,3703.0,South Coogee Public School,,
1027,3717.0,Croppa Creek Public School,,
1028,3719.0,Annangrove Public School,,
1029,3735.0,Woronora River Public School,,
1030,3736.0,Balgowlah Heights Public School,,
1031,3741.0,Goulburn West Public School,,
1032,3743.0,Riverwood Public School,,
1033,3744.0,Warragamba Public School,,
1034,3748.0,Belrose Public School,,
1035,3760.0,Upper Coopers Creek Public School,,
1036,3762.0,Wiripaang Public School,,
1037,3765.0,Bundeena Public School,,
1038,3777.0,Pymble Public School,,
1039,3789.0,Condell Park Public School,,
1040,3792.0,Avalon Public School,,
1041,3794.0,Bald Face Public School,,
1042,3795.0,Hamilton South Public School,,
1043,3796.0,Lugarno Public School,,
1044,3797.0,Oatley West Public School,,
1045,3798.0,New Lambton South Public School,,
1046,3808.0,Chullora Public School,,
1047,3820.0,Tarrawanna Public School,,
1048,3822.0,Sutherland North Public School,,
1049,3824.0,Bathurst West Public School,,
1050,3826.0,Gwynneville Public School,,
1051,3827.0,Narraweena Public School,,
1052,3829.0,Jannali Public School,,
1053,3830.0,Ramsgate Public School,,
1054,3831.0,Chalmers Road School,,
1055,3833.0,Wahroonga Public School,,
1056,3840.0,Parramatta East Public School,,
1057,3846.0,Melrose Park Public School,,
1058,3847.0,Bathurst South Public School,,
1059,3851.0,Wallsend South Public School,,
1060,3854.0,Hazelbrook Public School,,
1061,3855.0,Turramurra Public School,,
1062,3856.0,Wyrallah Road Public School,,
1063,3860.0,Oak Flats Public School,,
1064,3862.0,Denistone East Public School,,
1065,3863.0,Meadowbank Public School,,
1066,3864.0,Uralla Central School,,
1067,3866.0,Towradgi Public School,,
1068,3867.0,Lake Illawarra South Public School,,
1069,3869.0,Yagoona Public School,,
1070,3871.0,Wattle Grove Public School,,
1071,3872.0,Greenwell Point Public School,,
1072,3873.0,Dobroyd Point Public School,,
1073,3874.0,Kahibah Public School,,
1074,3875.0,Narwee Public School,,
1075,3876.0,Muswellbrook South Public School,,
1076,3877.0,Corrimal East Public School,,
1077,3881.0,Mount St Thomas Public School,,
1078,3882.0,Tamworth South Public School,,
1079,3883.0,Westmead Public School,,
1080,3885.0,Mount Colah Public School,,
1081,3886.0,McCallums Hill Public School,,
1082,3890.0,Cooma North Public School,,
1083,3893.0,Windale Public School,,
1084,3895.0,Cardiff South Public School,,
1085,3896.0,Como West Public School,,
1086,3897.0,Hamilton North Public School,,
1087,3898.0,Marks Point Public School,,
1088,3903.0,Glen Alice Public School,,
1089,3904.0,Argenton Public School,,
1090,3905.0,Pagewood Public School,,
1091,3906.0,Narrabeen North Public School,,
1092,3908.0,Lane Cove West Public School,,
1093,3909.0,Taree West Public School,,
1094,3912.0,Palinyewah Public School,,
1095,3914.0,Grays Point Public School,,
1096,3918.0,Killara Public School,,
1097,3919.0,Castle Cove Public School,,
1098,3922.0,Albury North Public School,,
1099,3923.0,Kapooka Public School,,
1100,3924.0,East Hills Public School,,
1101,3925.0,Curl Curl North Public School,,
1102,3927.0,Belmont North Public School,,
1103,3931.0,Seven Hills Public School,,
1104,3932.0,Waratah West Public School,,
1105,3935.0,Crown Street Public School,,
1106,3939.0,Mount Hutton Public School,,
1107,3943.0,Gordon West Public School,,
1108,3944.0,Beverly Hills North Public School,,
1109,3945.0,Finley Public School,,
1110,3946.0,Maclean Public School,,
1111,3947.0,Quirindi Public School,,
1112,3948.0,Tempe Public School,,
1113,3949.0,Maitland Public School,,
1114,3950.0,Manly Village Public School,,
1115,3951.0,Marrickville West Public School,,
1116,3952.0,Marrickville Public School,,
1117,3953.0,Waverley Public School,,
1118,3954.0,Wollongong Public School,,
1119,3956.0,Beaumont Road Public School,,
1120,3957.0,Woolooware Public School,,
1121,3958.0,Padstow Heights Public School,,
1122,3960.0,Waniora Public School,,
1123,3964.0,Figtree Public School,,
1124,3966.0,Blackalls Park Public School,,
1125,3968.0,Speers Point Public School,,
1126,3970.0,Collaroy Plateau Public School,,
1127,3971.0,Beacon Hill Public School,,
1128,3972.0,Caringbah North Public School,,
1129,3973.0,Russell Vale Public School,,
1130,3976.0,Farmborough Road Public School,,
1131,3977.0,Villawood East Public School,,
1132,3979.0,Bellambi Public School,,
1133,3980.0,Cabramatta West Public School,,
1134,3981.0,Chester Hill North Public School,,
1135,3983.0,Canley Heights Public School,,
1136,3984.0,Balgowlah North Public School,,
1137,3985.0,Gordon East Public School,,
1138,3986.0,Yennora Public School,,
1139,3987.0,Katoomba North Public School,,
1140,3988.0,Biraban Public School,,
1141,3993.0,Pendle Hill Public School,,
1142,3995.0,Umina Beach Public School,,
1143,3996.0,Fern Bay Public School,,
1144,3997.0,Hilltop Road Public School,,
1145,3999.0,Richmond Public School,,
1146,4000.0,Guildford West Public School,,
1147,4004.0,Jannali East Public School,,
1148,4005.0,Warilla Public School,,
1149,4009.0,Fairvale Public School,,
1150,4011.0,Lake Heights Public School,,
1151,4012.0,Panania North Public School,,
1152,4013.0,Peakhurst West Public School,,
1153,4014.0,Chatham Public School,,
1154,4015.0,Mowbray Public School,,
1155,4016.0,Revesby South Public School,,
1156,4017.0,Booragul Public School,,
1157,4018.0,Gunnedah South Public School,,
1158,4019.0,Forestville Public School,,
1159,4020.0,Glenroi Heights Public School,,
1160,4021.0,Manly Vale Public School,,
1161,4022.0,Coal Point Public School,,
1162,4024.0,Sylvania Heights Public School,,
1163,4027.0,Griffith North Public School,,
1164,4029.0,Dundas Public School,,
1165,4034.0,Eleebana Public School,,
1166,4037.0,Cringila Public School,,
1167,4038.0,Epping Heights Public School,,
1168,4041.0,Eastwood Heights Public School,,
1169,4042.0,Lindsay Park Public School,,
1170,4049.0,Mount Kuring-gai Public School,,
1171,4050.0,Point Clare Public School,,
1172,4051.0,Penshurst West Public School,,
1173,4054.0,Kingscliff Public School,,
1174,4055.0,Oxley Park Public School,,
1175,4056.0,Rooty Hill Public School,,
1176,4057.0,Birrong Public School,,
1177,4058.0,Leumeah Public School,,
1178,4059.0,Wattawa Heights Public School,,
1179,4060.0,Cambridge Park Public School,,
1180,4061.0,Blacktown North Public School,,
1181,4064.0,Macquarie Fields Public School,,
1182,4065.0,Villawood North Public School,,
1183,4066.0,Windsor South Public School,,
1184,4067.0,Matraville Soldiers Settlement Public School,,
1185,4071.0,Oatlands Public School,,
1186,4075.0,Kirrawee Public School,,
1187,4077.0,Illawong Public School,,
1188,4083.0,Kemblawarra Public School,,
1189,4084.0,Lilli Pilli Public School,,
1190,4085.0,Lismore Heights Public School,,
1191,4088.0,Padstow North Public School,,
1192,4089.0,Middleton Public School,,
1193,4092.0,Hannans Road Public School,,
1194,4095.0,Mount Ousley Public School,,
1195,4097.0,Tuggerawong Public School,,
1196,4100.0,Forbes North Public School,,
1197,4101.0,Murwillumbah East Public School,,
1198,4103.0,Telopea Public School,,
1199,4106.0,Nowra Hill Public School,,
1200,4110.0,Central Mangrove Public School,,
1201,4111.0,Tweed Heads South Public School,,
1202,4112.0,Deniliquin South Public School,,
1203,4116.0,Blacktown West Public School,,
1204,4117.0,Warnervale Public School,,
1205,4118.0,Moree East Public School,,
1206,4121.0,Albion Park Rail Public School,,
1207,4122.0,Miranda North Public School,,
1208,4123.0,Rydalmere East Public School,,
1209,4124.0,Yowie Bay Public School,,
1210,4125.0,Ermington West Public School,,
1211,4126.0,Campbelltown North Public School,,
1212,4127.0,Queanbeyan West Public School,,
1213,4129.0,Heaton Public School,,
1214,4131.0,Young North Public School,,
1215,4132.0,Arcadia Vale Public School,,
1216,4136.0,Garden Suburb Public School,,
1217,4138.0,Penrith South Public School,,
1218,4142.0,Bankstown West Public School,,
1219,4144.0,Turvey Park Public School,,
1220,4147.0,Erskineville Public School,,
1221,4148.0,Castlereagh Public School,,
1222,4149.0,North Haven Public School,,
1223,4151.0,Tower Street Public School,,
1224,4155.0,Edgeworth Heights Public School,,
1225,4157.0,Yates Avenue Public School,,
1226,4160.0,Kent Road Public School,,
1227,4161.0,Liverpool West Public School,,
1228,4162.0,Seven Hills West Public School,,
1229,4163.0,Elermore Vale Public School,,
1230,4164.0,Truscott Street Public School,,
1231,4165.0,Epping North Public School,,
1232,4166.0,Marayong Public School,,
1233,4168.0,Lavington East Public School,,
1234,4173.0,Kooringal Public School,,
1235,4177.0,Albert Park Public School,,
1236,4180.0,Berkeley West Public School,,
1237,4183.0,Budgewoi Public School,,
1238,4184.0,Lennox Head Public School,,
1239,4185.0,Valentine Public School,,
1240,4190.0,Black Springs Public School,,
1241,4191.0,Lalor Park Public School,,
1242,4192.0,Bert Oldfield Public School,,
1243,4193.0,Blacktown South Public School,,
1244,4194.0,Charlestown East Public School,,
1245,4195.0,Warrimoo Public School,,
1246,4196.0,Kempsey South Public School,,
1247,4197.0,Blacksmiths Public School,,
1248,4198.0,Casula Public School,,
1249,4199.0,Elanora Heights Public School,,
1250,4200.0,Allambie Heights Public School,,
1251,4203.0,Kotara South Public School,,
1252,4204.0,Parkes East Public School,,
1253,4205.0,St Marys North Public School,,
1254,4206.0,Biddabah Public School,,
1255,4207.0,Glendale East Public School,,
1256,4208.0,Fennell Bay Public School,,
1257,4209.0,Temora West Public School,,
1258,4210.0,Mount Pritchard East Public School,,
1259,4212.0,Quakers Hill East Public School,,
1260,4214.0,Narrandera East Infants School,,
1261,4215.0,Mount Austin Public School,,
1262,4217.0,Banksia Road Public School,,
1263,4218.0,Gosford East Public School,,
1264,4221.0,Loftus Public School,,
1265,4222.0,Darcy Road Public School,,
1266,4225.0,Tulloona Public School,,
1267,4228.0,Bullarah Public School,,
1268,4230.0,Laguna Street Public School,,
1269,4232.0,Morgan Street Public School,,
1270,4233.0,Railway Town Public School,,
1271,4241.0,Cromer Public School,,
1272,4246.0,Illaroo Road Public School,,
1273,4248.0,Vardys Road Public School,,
1274,4249.0,Wheeler Heights Public School,,
1275,4250.0,Randwick Public School,,
1276,4256.0,Nowra East Public School,,
1277,4257.0,Ryde East Public School,,
1278,4258.0,Lynwood Park Public School,,
1279,4259.0,Burraneer Bay Public School,,
1280,4262.0,Mallawa Public School,,
1281,4263.0,Tarro Public School,,
1282,4266.0,Lakelands Public School,,
1283,4268.0,Griffith East Public School,,
1284,4270.0,Khancoban Public School,,
1285,4274.0,Hornsby Heights Public School,,
1286,4275.0,Normanhurst West Public School,,
1287,4276.0,Thornleigh West Public School,,
1288,4277.0,Campbelltown East Public School,,
1289,4278.0,Marsden Road Public School,,
1290,4279.0,St Marys South Public School,,
1291,4281.0,Deniliquin North Public School,,
1292,4282.0,Marayong Heights Public School,,
1293,4283.0,West Pymble Public School,,
1294,4285.0,Bennett Road Public School,,
1295,4286.0,Camden South Public School,,
1296,4288.0,Holsworthy Public School,,
1297,4289.0,Lurnea Public School,,
1298,4290.0,Mount Druitt Public School,,
1299,4291.0,Balarang Public School,,
1300,4292.0,Engadine West Public School,,
1301,4293.0,St Ives North Public School,,
1302,4294.0,Roselea Public School,,
1303,4296.0,Woonona East Public School,,
1304,4298.0,Yarrawarrah Public School,,
1305,4299.0,Chifley Public School,,
1306,4305.0,Weilmoringle Public School,,
1307,4310.0,Walters Road Public School,,
1308,4311.0,Bardia Public School,,
1309,4312.0,Ringrose Public School,,
1310,4313.0,Blaxland East Public School,,
1311,4314.0,Harrington Street Public School,,
1312,4316.0,Mannering Park Public School,,
1313,4318.0,Hillsborough Public School,,
1314,4319.0,Sadleir Public School,,
1315,4320.0,Gwandalan Public School,,
1316,4323.0,Peakhurst South Public School,,
1317,4324.0,Charlestown South Public School,,
1318,4327.0,Marayong South Public School,,
1319,4328.0,Sherwood Grange Public School,,
1320,4329.0,Woy Woy South Public School,,
1321,4331.0,St Ives Public School,,
1322,4333.0,Warilla North Public School,,
1323,4336.0,Heckenberg Public School,,
1324,4337.0,Busby Public School,,
1325,4338.0,Miller Public School,,
1326,4339.0,Kingswood South Public School,,
1327,4342.0,Picnic Point Public School,,
1328,4344.0,Ashcroft Public School,,
1329,4346.0,Kingswood Park Public School,,
1330,4348.0,Coleambally Central School,,
1331,4354.0,Faulconbridge Public School,,
1332,4355.0,Smithfield West Public School,,
1333,4357.0,Pleasant Heights Public School,,
1334,4359.0,Bilgola Plateau Public School,,
1335,4360.0,Cartwright Public School,,
1336,4364.0,Toongabbie West Public School,,
1337,4365.0,Hornsby North Public School,,
1338,4366.0,Toongabbie East Public School,,
1339,4367.0,Caves Beach Public School,,
1340,4368.0,Wakehurst Public School,,
1341,4369.0,Lewisham Public School,,
1342,4370.0,Belair Public School,,
1343,4371.0,Queanbeyan East Public School,,
1344,4372.0,Irrawang Public School,,
1345,4374.0,Talbingo Public School,,
1346,4375.0,Ashmont Public School,,
1347,4377.0,Baulkham Hills North Public School,,
1348,4378.0,Whalan Public School,,
1349,4379.0,Floraville Public School,,
1350,4380.0,Calare Public School,,
1351,4381.0,Shelley Public School,,
1352,4382.0,Jasper Road Public School,,
1353,4383.0,E A Southee Public School,,
1354,4386.0,Killarney Heights Public School,,
1355,4389.0,Gymea North Public School,,
1356,4391.0,Lansvale East Public School,,
1357,4393.0,Carlingford West Public School,,
1358,4394.0,Queanbeyan South Public School,,
1359,4395.0,Mount Warrigal Public School,,
1360,4396.0,Busby West Public School,,
1361,4397.0,Wyoming Public School,,
1362,4398.0,Chertsey Primary School,,
1363,4399.0,Hayes Park Public School,,
1364,4400.0,St Ives Park Public School,,
1365,4401.0,Murray Farm Public School,,
1366,4402.0,Tregear Public School,,
1367,4403.0,Bradbury Public School,,
1368,4404.0,Narranga Public School,,
1369,4405.0,Beresford Road Public School,,
1370,4406.0,Bradfordville Public School,,
1371,4407.0,Hume Public School,,
1372,4408.0,Lethbridge Park Public School,,
1373,4409.0,Koonawarra Public School,,
1374,4410.0,Red Hill Public School,,
1375,4411.0,Westport Public School,,
1376,4413.0,Parkview Public School,,
1377,4416.0,Merewether Heights Public School,,
1378,4417.0,Winston Hills Public School,,
1379,4418.0,Edward Public School,,
1380,4420.0,Nuwarra Public School,,
1381,4421.0,Gillwinga Public School,,
1382,4422.0,Emerton Public School,,
1383,4423.0,Mount Brown Public School,,
1384,4424.0,Lapstone Public School,,
1385,4426.0,Killarney Vale Public School,,
1386,4427.0,Niagara Park Public School,,
1387,4428.0,Southern Cross Public School,,
1388,4431.0,Marton Public School,,
1389,4432.0,Mimosa Public School,,
1390,4433.0,Wideview Public School,,
1391,4435.0,Mount Riverview Public School,,
1392,4436.0,Winmalee Public School,,
1393,4437.0,Hillvue Public School,,
1394,4438.0,Wollondilly Public School,,
1395,4440.0,Cherrybrook Public School,,
1396,4441.0,Crestwood Public School,,
1397,4442.0,Emu Heights Public School,,
1398,4444.0,Metella Road Public School,,
1399,4446.0,Dawson Public School,,
1400,4447.0,Hebersham Public School,,
1401,4449.0,Madang Avenue Public School,,
1402,4450.0,Berinba Public School,,
1403,4452.0,Hobartville Public School,,
1404,4453.0,Blackett Public School,,
1405,4454.0,Marra Creek Public School,,
1406,4456.0,Franklin Public School,,
1407,4457.0,Sturt Public School,,
1408,4458.0,Briar Road Public School,,
1409,4459.0,Woodberry Public School,,
1410,4460.0,Curran Public School,,
1411,4461.0,Guise Public School,,
1412,4462.0,Figtree Heights Public School,,
1413,4463.0,Flinders Public School,,
1414,4464.0,Sanctuary Point Public School,,
1415,4466.0,Mawarra Public School,,
1416,4467.0,King Park Public School,,
1417,4468.0,Glenroy Public School,,
1418,4469.0,Jewells Primary School,,
1419,4470.0,Willmot Public School,,
1420,4471.0,Winston Heights Public School,,
1421,4473.0,Werrington Public School,,
1422,4474.0,Widemere Public School,,
1423,4475.0,Leonay Public School,,
1424,4476.0,Shalvey Public School,,
1425,4478.0,Newling Public School,,
1426,4479.0,John Warby Public School,,
1427,4480.0,Bidwill Public School,,
1428,4481.0,St Andrews Public School,,
1429,4482.0,York Public School,,
1430,4483.0,Grose View Public School,,
1431,4484.0,Cambridge Gardens Public School,,
1432,4485.0,Culburra Public School,,
1433,4486.0,Singleton Heights Public School,,
1434,4488.0,Kareela Public School,,
1435,4489.0,Ruse Public School,,
1436,4490.0,Campbellfield Public School,,
1437,4491.0,Sackville Street Public School,,
1438,4492.0,Woodland Road Public School,,
1439,4493.0,Noumea Public School,,
1440,4494.0,Hampden Park Public School,,
1441,4496.0,Dulwich Hill Public School,,
1442,4498.0,Minnamurra Public School,,
1443,4499.0,Newbridge Heights Public School,,
1444,4500.0,Nareena Hills Public School,,
1445,4501.0,Barrack Heights Public School,,
1446,4502.0,Petersham Public School,,
1447,4503.0,Tyalla Public School,,
1448,4504.0,Crawford Public School,,
1449,4505.0,Ambarvale Public School,,
1450,4506.0,Toormina Public School,,
1451,4507.0,Bonnet Bay Public School,,
1452,4508.0,Valley View Public School,,
1453,4509.0,Sarah Redfern Public School,,
1454,4510.0,Claymore Public School,,
1455,4514.0,King Street Public School,,
1456,4515.0,Kambora Public School,,
1457,4516.0,Eastlakes Public School,,
1458,4517.0,Gorokan Public School,,
1459,4518.0,The Grange Public School,,
1460,4520.0,Bateau Bay Public School,,
1461,4521.0,Metford Public School,,
1462,4522.0,Wamberal Public School,,
1463,4523.0,Springdale Heights Public School,,
1464,4524.0,Hastings Public School,,
1465,4525.0,Braddock Public School,,
1466,4526.0,Matthew Pearce Public School,,
1467,4527.0,Clairgate Public School,,
1468,4528.0,Kings Langley Public School,,
1469,4529.0,Glenwood Public School,,
1470,4531.0,St Clair Public School,,
1471,4533.0,Tuncurry Public School,,
1472,4534.0,Orama Public School,,
1473,4535.0,Blairmount Public School,,
1474,4536.0,Bangor Public School,,
1475,4537.0,Rosemeadow Public School,,
1476,4538.0,Bowen Public School,,
1477,4539.0,Thomas Acres Public School,,
1478,4541.0,Werrington County Public School,,
1479,4542.0,Chittaway Bay Public School,,
1480,4543.0,Wilkins Public School,,
1481,4544.0,Jamisontown Public School,,
1482,4545.0,Bonnyrigg Public School,,
1483,4546.0,Katoomba Public School,,
1484,4547.0,Tanilba Bay Public School,,
1485,4548.0,Copacabana Public School,,
1486,4549.0,Orana Heights Public School,,
1487,4551.0,Plunkett Street Public School,,
1488,4552.0,Manning Gardens Public School,,
1489,4553.0,Wiley Park Public School,,
1490,4554.0,Prairievale Public School,,
1491,4555.0,Cudgegong Valley Public School,,
1492,4556.0,Wytaliba Public School,,
1493,4557.0,Sandy Beach Public School,,
1494,4558.0,Eschol Park Public School,,
1495,4559.0,Blackwell Public School,,
1496,4560.0,Samuel Terry Public School,,
1497,4561.0,Rutherford Public School,,
1498,4562.0,Sunshine Bay Public School,,
1499,4563.0,William Stimson Public School,,
1500,4564.0,Wirreanda Public School,,
1501,4565.0,Clare Public School,,
1502,4566.0,Brooke Avenue Public School,,
1503,4567.0,Governor Philip King Public School,,
1504,4568.0,Ellison Public School,,
1505,4569.0,Robert Townson Public School,,
1506,4571.0,Banks Public School,,
1507,4572.0,John Purchase Public School,,
1508,4573.0,Tharawal Public School,,
1509,4574.0,Samuel Gilbert Public School,,
1510,4575.0,Wingham Brush Public School,,
1511,4576.0,William Dean Public School,,
1512,4577.0,Minchinbury Public School,,
1513,4578.0,Teven-Tintenbar Public School,,
1514,4579.0,James Erskine Public School,,
1515,4580.0,Kariong Public School,,
1516,4581.0,Frank Partridge VC Public School,,
1517,4583.0,Edensor Park Public School,,
1518,4585.0,Bligh Park Public School,,
1519,4586.0,Sydney Distance Education Primary School,,
1520,4587.0,Dubbo School of Distance Education,,
1521,4588.0,Northlakes Public School,,
1522,4589.0,Shoal Bay Public School,,
1523,4590.0,Hambledon Public School,,
1524,4591.0,Glenmore Park Public School,,
1525,4592.0,Vincentia Public School,,
1526,4593.0,Kearns Public School,,
1527,4594.0,Bonnyrigg Heights Public School,,
1528,4597.0,Mount Annan Public School,,
1529,4598.0,Hassall Grove Public School,,
1530,4599.0,Barnier Public School,,
1531,4600.0,Maryland Public School,,
1532,4601.0,Aldavilla Public School,,
1533,4602.0,William Bayldon Public School,,
1534,4603.0,St Helens Park Public School,,
1535,4604.0,Oakhill Drive Public School,,
1536,4605.0,Alfords Point Public School,,
1537,4606.0,Mullaway Public School,,
1538,4607.0,Centaur Public School,,
1539,4608.0,Glendenning Public School,,
1540,4609.0,Grahamstown Public School,,
1541,4610.0,Mount Terry Public School,,
1542,4611.0,Hallidays Point Public School,,
1543,4612.0,Broulee Public School,,
1544,4613.0,Hinchinbrook Public School,,
1545,4614.0,Windsor Park Public School,,
1546,4615.0,Caddies Creek Public School,,
1547,4616.0,Buninyong Public School,,
1548,4617.0,Tacking Point Public School,,
1549,4618.0,North Nowra Public School,,
1550,4619.0,Henry Fulton Public School,,
1551,4620.0,Glendore Public School,,
1552,4621.0,Narellan Vale Public School,,
1553,4622.0,Claremont Meadows Public School,,
1554,4623.0,Blue Haven Public School,,
1555,4624.0,Greenway Park Public School,,
1556,4625.0,Currans Hill Public School,,
1557,4626.0,Callala Public School,,
1558,4627.0,Newington Public School,,
1559,4628.0,Harrington Park Public School,,
1560,4630.0,Beaumont Hills Public School,,
1561,4631.0,Surveyors Creek Public School,,
1562,4632.0,Bogangar Public School,,
1563,4633.0,Jerrabomberra Public School,,
1564,4634.0,Dalmeny Public School,,
1565,4635.0,Cecil Hills Public School,,
1566,4637.0,Woongarrah Public School,,
1567,4638.0,Ironbark Ridge Public School,,
1568,4639.0,Kellyville Ridge Public School,,
1569,4640.0,Sherwood Ridge Public School,,
1570,4641.0,Shell Cove Public School,,
1571,4642.0,Ashtonfield Public School,,
1572,4643.0,North East Public School of Distance Education,,
1573,4644.0,Bourke-Walgett School of Distance Education,,
1574,4645.0,Ropes Crossing Public School,,
1575,4646.0,Elderslie Public School,,
1576,4647.0,Middleton Grange Public School,,
1577,4648.0,John Palmer Public School,,
1578,4649.0,Tullimbar Public School,,
1579,4650.0,Wilton Public School,,
1580,4651.0,Oran Park Public School,,
1581,4652.0,Marie Bashir Public School,,
1582,4653.0,Riverbank Public School,,
1583,4654.0,Lake Cathie Public School,,
1584,4655.0,Victoria Avenue Public School,,
1585,4656.0,Anzac Park Public School,,
1586,4657.0,Spring Farm Public School,,
1587,4658.0,Lindfield Learning Village,,
1588,4659.0,Southern Cross School of Distance Education,,
1589,4660.0,Bayanami Public School,,
1590,4661.0,Finigan School of Distance Education,,
1591,4662.0,Wentworth Point Public School,,
1592,4663.0,Bella Vista Public School,,
1593,4664.0,North Kellyville Public School,,
1594,4667.0,Gledswood Hills Public School,,
1595,4668.0,Smalls Road Public School,,
1596,4669.0,Jordan Springs Public School,,
1597,4670.0,Galungara Public School,,
1598,4671.0,Barramurra Public School,,
1599,4672.0,Denham Court Public School,,
1600,4673.0,Northbourne Public School,,
1601,4674.0,Estella Public School,,
1602,4675.0,Porters Creek Public School,,
1603,5103.0,Arncliffe West Infants School,,
1604,5104.0,Australia Street Infants School,,
1605,5109.0,Canterbury South Public School,,
1606,5112.0,Taverners Hill Infants School,,
1607,5114.0,Ferncourt Public School,,
1608,5116.0,Glen Innes West Infants School,,
1609,5118.0,Harcourt Public School,,
1610,5120.0,Yeo Park Infants School,,
1611,5126.0,Merrylands East Public School,,
1612,5128.0,Nillo Infants School,,
1613,5132.0,Russell Lea Public School,,
1614,5133.0,Stanford Merthyr Infants School,,
1615,5141.0,Kyeemagh Public School,,
1616,5148.0,Bardwell Park Infants School,,
1617,5166.0,Casino West Public School,,
1618,5188.0,Sefton Infants School,,
1619,5191.0,Hornsby South Public School,,
1620,5195.0,Hurstville Grove Infants School,,
1621,5212.0,Beauty Point Public School,,
1622,5220.0,Lansvale Public School,,
1623,5236.0,Granville East Public School,,
1624,5238.0,Westlawn Public School,,
1625,5241.0,Mount Lewis Infants School,,
1626,5242.0,Mulyan Public School,,
1627,5246.0,Bankstown South Infants School,,
1628,5247.0,New Lambton Heights Infants School,,
1629,5251.0,Homebush West Public School,,
1630,5260.0,Cardiff North Public School,,
1631,5265.0,Bletchington Public School,,
1632,5272.0,Heathcote East Public School,,
1633,5302.0,School of the Air,,
1634,5401.0,Glenfield Park School,,
1635,5405.0,Fisher Road School,,
1636,5407.0,Cromehurst School,,
1637,5411.0,Rowland Hassall School,,
1638,5423.0,John Brotchie Nursery School,,
1639,5428.0,Field of Mars Environmental Education Centre,,
1640,5429.0,Camden Park Environmental Education Centre,,
1641,5430.0,Georges River Environmental Education Centre,,
1642,5453.0,Putland School,,
1643,5454.0,Dorchester School,,
1644,5456.0,Girrakool School,,
1645,5458.0,Wetlands Environmental Education Centre,,
1646,5459.0,Tallowood School,,
1647,5460.0,Yudi Gunyi School,,
1648,5504.0,Royal Far West School,,
1649,5508.0,Beverley Park School,,
1650,5511.0,Newcastle Senior School,,
1651,5513.0,St George Hospital School,,
1652,5515.0,Stewart House School,,
1653,5516.0,Centennial Park School,,
1654,5527.0,St George School,,
1655,5529.0,Broderick Gillawarna School,,
1656,5538.0,Arndell School,,
1657,5540.0,Bridge Road School,,
1658,5543.0,Royal Prince Alfred Hospital School,,
1659,5544.0,Royal North Shore Hospital School,,
1660,5545.0,Sydney Childrens Hospital School,,
1661,5546.0,Sutherland Hospital School,,
1662,5548.0,Bankstown Hospital School,,
1663,5550.0,Willans Hill School,,
1664,5551.0,Illawarra Hospital School,,
1665,5556.0,Liverpool Hospital School,,
1666,5558.0,John Hunter Hospital School,,
1667,5559.0,Redbank School,,
1668,5562.0,Fowler Road School,,
1669,5563.0,Passfield Park School,,
1670,5568.0,Wangee Park School,,
1671,5569.0,Bullimbal School,,
1672,5573.0,Caldera School,,
1673,5574.0,Casuarina School,,
1674,5575.0,Cook School,,
1675,5576.0,Highlands School,,
1676,5577.0,Mian School,,
1677,5578.0,Naremburn School,,
1678,5579.0,The Beach School,,
1679,5580.0,Parry School,,
1680,5581.0,Karningul School,,
1681,5582.0,Wakefield School,,
1682,5583.0,Verona School,,
1683,5606.0,Cairnsfoot School,,
1684,5609.0,Woniora Road School,,
1685,5610.0,Carenne School,,
1686,5614.0,William Rose School,,
1687,5616.0,Minerva School,,
1688,5621.0,Kurrambee School,,
1689,5625.0,Anson Street School,,
1690,5627.0,Glenvale School,,
1691,5630.0,Mainsbridge School,,
1692,5631.0,Wairoa School,,
1693,5632.0,Lawrence Hargrave School,,
1694,5633.0,Holroyd School,,
1695,5634.0,The Crescent School,,
1696,5637.0,Coreen School,,
1697,5642.0,Halinda School,,
1698,5643.0,Niland School,,
1699,5644.0,Para Meadows School,,
1700,5647.0,Bates Drive School,,
1701,5650.0,Palm Avenue School,,
1702,5652.0,Caroline Chisholm School,,
1703,5653.0,Wewak Street School,,
1704,5654.0,Rivendell School,,
1705,5655.0,Clarke Road School,,
1706,5656.0,Arranounbai School,,
1707,5666.0,Peterborough School,,
1708,5667.0,Wooglemai Environmental Education Centre,,
1709,5670.0,Karonga School,,
1710,5674.0,Snowy Valleys School,,
1711,5675.0,Sir Eric Woodward Memorial School,,
1712,5679.0,Bournda Environmental Education Centre,,
1713,5680.0,Thalgarrah Environmental Education Centre,,
1714,5681.0,Wambangalang Environmental Education Centre,,
1715,5683.0,Dorroughby Environmental Education Centre,,
1716,5684.0,Tangara School,,
1717,5685.0,G S Kidd Memorial School,,
1718,5686.0,Lakeside School,,
1719,5687.0,Hunter River Community School,,
1720,5688.0,The Hills School,,
1721,5689.0,Wilson Park School,,
1722,5690.0,Longneck Lagoon Environmental Education Centre,,
1723,5691.0,Royal National Park Environmental Education Centre,,
1724,5694.0,Brewongle Environmental Education Centre,,
1725,5696.0,Sandon Public School,,
1726,5698.0,Havenlee School,,
1727,5699.0,Kalinda School,,
1728,5701.0,Newcastle Middle School,,
1729,5703.0,Carinya School,,
1730,5704.0,Newcastle Junior School,,
1731,5711.0,Shepherds Park School,,
1732,5712.0,Les Powell School,,
1733,5713.0,Lucas Gardens School,,
1734,5714.0,Gibberagong Environmental Education Centre,,
1735,5721.0,Mary Brooksbank School,,
1736,5723.0,Five Islands School,,
1737,5730.0,Gralee School,,
1738,5731.0,Cascade Environmental Education Centre,,
1739,5732.0,Warrumbungle National Park Environmental Education Centre,,
1740,5734.0,Riverina Environmental Education Centre,,
1741,5735.0,Campbell House School,,
1742,5736.0,Holman Place School,,
1743,5737.0,Edgeware School,,
1744,5738.0,Kotara School,,
1745,5740.0,Rumbalara Environmental Education Centre,,
1746,5741.0,Kamay Botany Bay Environmental Education Centre,,
1747,5743.0,Illawarra Environmental Education Centre,,
1748,5744.0,Kandeer School,,
1749,5745.0,Observatory Hill Environmental Education Centre,,
1750,5748.0,Ajuga School,,
1751,5749.0,Budawang School,,
1752,5750.0,Red Hill Environmental Education Centre,,
1753,5751.0,The Childrens Hospital School,,
1754,5752.0,Penrith Lakes Environmental Education Centre,,
1755,5753.0,Lomandra School,,
1756,5754.0,Plumpton House School,,
1757,5755.0,HopeTown School,,
1758,5756.0,Induna School,,
1759,5757.0,Lincoln School,,
1760,5758.0,The Bidgee School,,
1761,5759.0,Canterbury Vale School,,
1762,5760.0,North Gosford Learning Centre,,
1763,5761.0,Penrith Valley Learning Centre,,
1764,5762.0,Barwon Learning Centre,,
1765,5763.0,Coffs Harbour Learning Centre,,
1766,5764.0,Woodberry Learning Centre,,
1767,5765.0,The Ponds School,,
1768,5766.0,Yandelora School,,
1769,5767.0,George Bass School,,
1770,5768.0,Fernhill School,,
1771,5769.0,Yawarra Community School,,
1772,5770.0,Tirriwirri School,,
1773,5771.0,South Creek School,,
1774,7301.0,Canowindra Public School,,
1775,7302.0,Carlingford Public School,,
1776,7303.0,Gloucester Public School,,
1777,7305.0,Manilla Central School,,
1778,7307.0,Orange Public School,,
1779,7308.0,Plattsburg Public School,,
1780,7311.0,Scone Public School,,
1781,7314.0,Wingham Public School,,
1782,7316.0,Dorrigo Public School,,
1783,7401.0,Arncliffe Public School,,
1784,7403.0,Auburn Public School,,
1785,7404.0,Balmain Public School,,
1786,7405.0,Bankstown Public School,,
1787,7406.0,Bexley Public School,,
1788,7407.0,Bondi Public School,,
1789,7408.0,Bourke Street Public School,,
1790,7409.0,Chatswood Public School,,
1791,7411.0,Croydon Public School,,
1792,7412.0,Croydon Park Public School,,
1793,7413.0,Daceyville Public School,,
1794,7414.0,Darlinghurst Public School,,
1795,7416.0,Eastwood Public School,,
1796,7418.0,Gardeners Road Public School,,
1797,7419.0,Glebe Public School,,
1798,7420.0,Hamilton Public School,,
1799,7422.0,Kurri Kurri Public School,,
1800,7423.0,Leichhardt Public School,,
1801,7424.0,Liverpool Public School,,
1802,7427.0,Maroubra Junction Public School,,
1803,7430.0,Mosman Public School,,
1804,7431.0,Newtown Public School,,
1805,7432.0,Paddington Public School,,
1806,7435.0,Rozelle Public School,,
1807,7436.0,Stanmore Public School,,
1808,7442.0,Woollahra Public School,,
1809,7444.0,Rosehill Public School,,
1810,7445.0,Woy Woy Public School,,
1811,8101.0,Albury High School,,
1812,8103.0,"Denison College of Secondary Education, Bathurst High Campus",,
1813,8104.0,Bowral High School,,
1814,8105.0,Broken Hill High School,,
1815,8107.0,Canterbury Boys High School,,
1816,8108.0,Cessnock High School,,
1817,8109.0,Coffs Harbour High School,,
1818,8110.0,Dubbo College Senior Campus,,
1819,8111.0,Farrer Memorial Agricultural High School,,
1820,8114.0,Glen Innes High School,,
1821,8115.0,Gosford High School,,
1822,8116.0,Goulburn High School,,
1823,8117.0,Grafton High School,,
1824,8119.0,Hay War Memorial High School,,
1825,8120.0,Hornsby Girls High School,,
1826,8121.0,Hurlstone Agricultural High School,,
1827,8122.0,Inverell High School,,
1828,8123.0,Kempsey High School,,
1829,8124.0,"The Rivers Secondary College, Lismore High Campus",,
1830,8125.0,Lithgow High School,,
1831,8126.0,Maitland High School,,
1832,8127.0,Maitland Grossmann High School,,
1833,8128.0,Mudgee High School,,
1834,8129.0,Murwillumbah High School,,
1835,8132.0,North Sydney Boys High School,,
1836,8133.0,North Sydney Girls High School,,
1837,8134.0,Orange High School,,
1838,8135.0,Parramatta High School,,
1839,8136.0,St George Girls High School,,
1840,8137.0,Sydney Boys High School,,
1841,8138.0,Sydney Girls High School,,
1842,8139.0,Tamworth High School,,
1843,8140.0,Taree High School,,
1844,8141.0,Sydney Technical High School,,
1845,8142.0,Wagga Wagga High School,,
1846,8143.0,Wollongong High School of the Performing Arts,,
1847,8144.0,Yanco Agricultural High School,,
1848,8146.0,Parkes High School,,
1849,8147.0,Conservatorium High School,,
1850,8148.0,Cowra High School,,
1851,8150.0,Katoomba High School,,
1852,8151.0,Homebush Boys High School,,
1853,8152.0,Burwood Girls High School,,
1854,8154.0,Casino High School,,
1855,8155.0,Young High School,,
1856,8156.0,Leeton High School,,
1857,8157.0,Narrandera High School,,
1858,8159.0,Willoughby Girls High School,,
1859,8161.0,Randwick Boys High School,,
1860,8162.0,Macksville High School,,
1861,8163.0,Penrith High School,,
1862,8164.0,Muswellbrook High School,,
1863,8165.0,Bega High School,,
1864,8166.0,Wyong High School,,
1865,8168.0,Temora High School,,
1866,8169.0,Strathfield Girls High School,,
1867,8170.0,Narrabri High School,,
1868,8171.0,Kiama High School,,
1869,8173.0,Wauchope High School,,
1870,8174.0,Quirindi High School,,
1871,8176.0,Liverpool Girls High School,,
1872,8177.0,Kurri Kurri High School,,
1873,8178.0,Richmond High School,,
1874,8179.0,Junee High School,,
1875,8180.0,Campbelltown Performing Arts High School,,
1876,8184.0,Punchbowl Boys High School,,
1877,8186.0,Liverpool Boys High School,,
1878,8187.0,East Hills Girls Technology High School,,
1879,8188.0,Gunnedah High School,,
1880,8189.0,Kyogle High School,,
1881,8190.0,Cootamundra High School,,
1882,8191.0,Corrimal High School,,
1883,8193.0,Mullumbimby High School,,
1884,8194.0,Forbes High School,,
1885,8195.0,Ballina Coast High School,,
1886,8196.0,Monaro High School,,
1887,8197.0,Wellington High School,,
1888,8201.0,Nowra High School,,
1889,8202.0,Singleton High School,,
1890,8203.0,Belmont High School,,
1891,8204.0,Dapto High School,,
1892,8205.0,Illawarra Sports High School,,
1893,8206.0,East Hills Boys High School,,
1894,8207.0,Hunters Hill High School,,
1895,8208.0,Cheltenham Girls High School,,
1896,8209.0,Cabramatta High School,,
1897,8210.0,Lake Macquarie High School,,
1898,8211.0,Normanhurst Boys High School,,
1899,8213.0,Birrong Boys High School,,
1900,8214.0,"The Rivers Secondary College, Richmond River High Campus",,
1901,8215.0,Picton High School,,
1902,8216.0,Queanbeyan High School,,
1903,8217.0,Camden High School,,
1904,8218.0,Deniliquin High School,,
1905,8219.0,Hunter River High School,,
1906,8220.0,Randwick Girls High School,,
1907,8221.0,Kingsgrove North High School,,
1908,8222.0,Asquith Girls High School,,
1909,8223.0,Bass High School,,
1910,8224.0,Blacktown Girls High School,,
1911,8225.0,Marsden High School,,
1912,8227.0,Merrylands High School,,
1913,8229.0,Northmead Creative and Performing Arts High School,,
1914,8230.0,Port Hacking High School,,
1915,8231.0,Seven Hills High School,,
1916,8232.0,Chatswood High School,,
1917,8233.0,Hunter Sports High School,,
1918,8235.0,James Ruse Agricultural High School,,
1919,8236.0,Blakehurst High School,,
1920,8240.0,Caringbah High School,,
1921,8241.0,Moorefield Girls High School,,
1922,8243.0,Riverside Girls High School,,
1923,8244.0,Blacktown Boys High School,,
1924,8245.0,Asquith Boys High School,,
1925,8246.0,Heathcote High School,,
1926,8247.0,Kingsgrove High School,,
1927,8249.0,Matraville Sports High School,,
1928,8250.0,Sir Joseph Banks High School,,
1929,8252.0,Strathfield South High School,,
1930,8253.0,Auburn Girls High School,,
1931,8254.0,Bankstown Girls High School,,
1932,8255.0,Beverly Hills Girls High School,,
1933,8258.0,Bellingen High School,,
1934,8259.0,Callaghan College Wallsend Campus,,
1935,8260.0,Bonnyrigg High School,,
1936,8261.0,Cronulla High School,,
1937,8262.0,Ingleburn High School,,
1938,8263.0,J J Cahill Memorial High School,,
1939,8265.0,Sefton High School,,
1940,8266.0,James Fallon High School,,
1941,8268.0,Glenwood High School,,
1942,8269.0,Chester Hill High School,,
1943,8270.0,Wee Waa High School,,
1944,8271.0,Lucas Heights Community School,,
1945,8272.0,Coffs Harbour Senior College,,
1946,8273.0,Cecil Hills High School,,
1947,8274.0,Tuggerah Lakes Secondary College Tumbi Umbi Campus,,
1948,8276.0,Glenmore Park High School,,
1949,8277.0,Wyndham College,,
1950,8278.0,Wadalba Community School,,
1951,8279.0,Lake Munmorah High School,,
1952,8280.0,Camden Haven High School,,
1953,8281.0,Great Lakes College Senior Campus,,
1954,8282.0,Banora Point High School,,
1955,8284.0,Georges River College Oatley Senior Campus,,
1956,8286.0,Mount Annan High School,,
1957,8288.0,Central Sydney Intensive English High School,,
1958,8289.0,Great Lakes College Tuncurry Campus,,
1959,8290.0,John Edmondson High School,,
1960,8291.0,Rouse Hill High School,,
1961,8292.0,Kariong Mountains High School,,
1962,8308.0,Corowa High School,,
1963,8314.0,The Henry Lawson High School,,
1964,8318.0,Kandos High School,,
1965,8320.0,Kogarah High School,,
1966,8325.0,Moree Secondary College Albert St Campus,,
1967,8326.0,Mosman High School,,
1968,8328.0,Murrumburrah High School,,
1969,8334.0,Yass High School,,
1970,8343.0,Tumut High School,,
1971,8346.0,Condobolin High School,,
1972,8347.0,Coonabarabran High School,,
1973,8349.0,Gilgandra High School,,
1974,8353.0,Nyngan High School,,
1975,8355.0,Bourke High School,,
1976,8356.0,Cobar High School,,
1977,8357.0,Blayney High School,,
1978,8358.0,Tenterfield High School,,
1979,8360.0,Finley High School,,
1980,8362.0,Maclean High School,,
1981,8364.0,"Hastings Secondary College, Port Macquarie Campus",,
1982,8368.0,Moruya High School,,
1983,8370.0,Tweed River High School,,
1984,8371.0,Gloucester High School,,
1985,8372.0,The Forest High School,,
1986,8373.0,Five Islands Secondary College,,
1987,8374.0,Brisbane Water Secondary College Woy Woy Campus,,
1988,8377.0,Picnic Point High School,,
1989,8379.0,Pittwater High School,,
1990,8381.0,Bankstown Senior College,,
1991,8382.0,Castle Hill High School,,
1992,8383.0,Nepean Creative and Performing Arts High School,,
1993,8384.0,Westfields Sports High School,,
1994,8385.0,Greystanes High School,,
1995,8386.0,Gymea Technology High School,,
1996,8388.0,Moss Vale High School,,
1997,8389.0,Swansea High School,,
1998,8390.0,Whitebridge High School,,
1999,8391.0,Wingham High School,,
2000,8392.0,West Wyalong High School,,
2001,8393.0,Canley Vale High School,,
2002,8394.0,Miller High School,,
2003,8395.0,Pendle Hill High School,,
2004,8396.0,Windsor High School,,
2005,8397.0,Ashcroft High School,,
2006,8398.0,Condell Park High School,,
2007,8399.0,Doonside High School,,
2008,8400.0,St Ives High School,,
2009,8401.0,Lurnea High School,,
2010,8403.0,Mitchell High School,,
2011,8404.0,Endeavour Sports High School,,
2012,8405.0,Erina High School,,
2013,8406.0,South Grafton High School,,
2014,8407.0,Mount Austin High School,,
2015,8408.0,Georges River College Peakhurst Campus,,
2016,8409.0,Scone High School,,
2017,8410.0,Woonona High School,,
2018,8411.0,West Wallsend High School,,
2019,8412.0,The Hills Sports High School,,
2020,8413.0,Morisset High School,,
2021,8414.0,Chatham High School,,
2022,8415.0,Ryde Secondary College,,
2023,8416.0,Ku-ring-gai High School,,
2024,8417.0,Dubbo College South Campus,,
2025,8418.0,Warilla High School,,
2026,8420.0,Evans High School,,
2027,8422.0,Killarney Heights High School,,
2028,8423.0,Kotara High School,,
2029,8424.0,Holroyd High School,,
2030,8432.0,Engadine High School,,
2031,8433.0,Woolooware High School,,
2032,8435.0,Turramurra High School,,
2033,8436.0,Granville South Creative and Performing Arts High School,,
2034,8437.0,Kirrawee High School,,
2035,8438.0,Pennant Hills High School,,
2036,8439.0,Francis Greenway High School,,
2037,8440.0,Warners Bay High School,,
2038,8442.0,Gundagai High School,,
2039,8443.0,Colyton High School,,
2040,8444.0,Canobolas Rural Technology High School,,
2041,8446.0,Springwood High School,,
2042,8447.0,Carlingford High School,,
2043,8448.0,Bomaderry High School,,
2044,8449.0,Figtree High School,,
2045,8450.0,Tumbarumba High School,,
2046,8451.0,Coonamble High School,,
2047,8452.0,Crookwell High School,,
2048,8453.0,Dorrigo High School,,
2049,8454.0,Barrenjoey High School,,
2050,8455.0,Oxley High School,,
2051,8456.0,Fairvale High School,,
2052,8457.0,Killara High School,,
2053,8458.0,Kingswood High School,,
2054,8459.0,Chifley College Mount Druitt Campus,,
2055,8460.0,James Busby High School,,
2056,8461.0,Barham High School,,
2057,8462.0,Narromine High School,,
2058,8463.0,Sylvania High School,,
2059,8464.0,Baulkham Hills High School,,
2060,8465.0,Tuggerah Lakes Secondary College The Entrance Campus,,
2061,8466.0,Glendale Technology High School,,
2062,8467.0,Henry Kendall High School,,
2063,8468.0,Mulwaree High School,,
2064,8469.0,Orara High School,,
2065,8471.0,Moree Secondary College Carol Ave Campus,,
2066,8472.0,Dungog High School,,
2067,8473.0,Chifley College Senior Campus,,
2068,8474.0,Lake Illawarra High School,,
2069,8475.0,Walgett Community College - High School,,
2070,8476.0,Casula High School,,
2071,8477.0,Kellyville High School,,
2072,8479.0,Davidson High School,,
2073,8480.0,Warrawong High School,,
2074,8481.0,Galston High School,,
2075,8482.0,Lambton High School,,
2076,8483.0,Kooringal High School,,
2077,8484.0,Sydney Secondary College Balmain Campus,,
2078,8485.0,Hoxton Park High School,,
2079,8486.0,Bombala High School,,
2080,8487.0,Eden Marine High School,,
2081,8488.0,Chifley College Dunheved Campus,,
2082,8489.0,Kanahooka High School,,
2083,8490.0,Macintyre High School,,
2084,8491.0,Willyama High School,,
2085,8493.0,Airds High School,,
2086,8494.0,Coomealla High School,,
2087,8495.0,Ulladulla High School,,
2088,8496.0,Chifley College Shalvey Campus,,
2089,8497.0,James Meehan High School,,
2090,8498.0,Muirfield High School,,
2091,8499.0,Model Farms High School,,
2092,8500.0,Girraween High School,,
2093,8501.0,Moorebank High School,,
2094,8502.0,Tomaree High School,,
2095,8503.0,Billabong High School,,
2096,8504.0,Fort Street High School,,
2097,8505.0,Murray High School,,
2098,8506.0,Tempe High School,,
2099,8507.0,Sydney Secondary College Leichhardt Campus,,
2100,8508.0,Callaghan College Waratah Campus,,
2101,8509.0,Newcastle High School,,
2102,8510.0,Merewether High School,,
2103,8511.0,Northern Beaches Secondary College Cromer Campus,,
2104,8512.0,Narrabeen Sports High School,,
2105,8513.0,Brisbane Water Secondary College Umina Campus,,
2106,8514.0,Plumpton High School,,
2107,8515.0,Gorokan High School,,
2108,8516.0,Cambridge Park High School,,
2109,8517.0,"Denison College of Secondary Education, Kelso High Campus",,
2110,8518.0,Canowindra High School,,
2111,8519.0,Warialda High School,,
2112,8520.0,"The Rivers Secondary College, Kadina High Campus",,
2113,8521.0,Elderslie High School,,
2114,8522.0,Blaxland High School,,
2115,8524.0,Karabar High School,,
2116,8525.0,Peel High School,,
2117,8526.0,Colo High School,,
2118,8527.0,Toormina High School,,
2119,8528.0,Chifley College Bidwill Campus,,
2120,8530.0,Newtown High School of Performing Arts,,
2121,8531.0,St Johns Park High School,,
2122,8532.0,Leumeah High School,,
2123,8533.0,Terrigal High School,,
2124,8534.0,Great Lakes College Forster Campus,,
2125,8535.0,Concord High School,,
2126,8536.0,Narooma High School,,
2127,8539.0,Sydney Secondary College Blackwattle Bay Campus,,
2128,8540.0,Marrickville High School,,
2129,8541.0,Keira High School,,
2130,8542.0,Smiths Hill High School,,
2131,8543.0,Dubbo College Delroy Campus,,
2132,8544.0,Lisarow High School,,
2133,8545.0,South Sydney High School,,
2134,8546.0,Gulgong High School,,
2135,8547.0,Northlakes High School,,
2136,8548.0,Woolgoolga High School,,
2137,8550.0,Fairfield High School,,
2138,8551.0,Sarah Redfern High School,,
2139,8552.0,Crestwood High School,,
2140,8553.0,Macquarie Fields High School,,
2141,8554.0,"Hastings Secondary College, Westport Campus",,
2142,8555.0,Rose Bay Secondary College,,
2143,8556.0,Alexandria Park Community School,,
2144,8559.0,Jamison High School,,
2145,8560.0,Prairiewood High School,,
2146,8561.0,Shoalhaven High School,,
2147,8562.0,Irrawang High School,,
2148,8563.0,Tuggerah Lakes Secondary College Berkeley Vale Campus,,
2149,8564.0,Holsworthy High School,,
2150,8565.0,Hawkesbury High School,,
2151,8566.0,Melville High School,,
2152,8567.0,Northern Beaches Secondary College Manly Campus,,
2153,8568.0,Northern Beaches Secondary College Freshwater Senior Campus,,
2154,8569.0,Eagle Vale High School,,
2155,8570.0,Ambarvale High School,,
2156,8571.0,St Clair High School,,
2157,8572.0,Rutherford Technology High School,,
2158,8573.0,Winmalee High School,,
2159,8574.0,Mount View High School,,
2160,8575.0,Robert Townson High School,,
2161,8577.0,Byron Bay High School,,
2162,8578.0,Alstonville High School,,
2163,8579.0,Kingscliff High School,,
2164,8580.0,Cranebrook High School,,
2165,8581.0,Batemans Bay High School,,
2166,8582.0,Bossley Park High School,,
2167,8583.0,Menai High School,,
2168,8584.0,Elizabeth Macarthur High School,,
2169,8585.0,Kincumber High School,,
2170,8586.0,Albion Park High School,,
2171,8587.0,Sydney Distance Education High School,,
2172,8588.0,NSW School of Languages,,
2173,8589.0,Thomas Reddall High School,,
2174,8590.0,Erskine Park High School,,
2175,8591.0,Narara Valley High School,,
2176,8592.0,Cherrybrook Technology High School,,
2177,8593.0,Vincentia High School,,
2178,8594.0,Quakers Hill High School,,
2179,8595.0,Nambucca Heads High School,,
2180,8596.0,Wollumbin High School,,
2181,8598.0,Oberon High School,,
2182,8804.0,Belmore Boys High School,,
2183,8806.0,Canterbury Girls High School,,
2184,8811.0,Granville Boys High School,,
2185,8813.0,Georges River College Hurstville Boys Campus,,
2186,8819.0,Hunter School of Performing Arts,,
2187,8822.0,Macarthur Girls High School,,
2188,8831.0,Northern Beaches Secondary College Mackellar Girls Campus,,
2189,8832.0,Ashfield Boys High School,,
2190,8833.0,Dulwich High School of Visual Arts and Design,,
2191,8851.0,Northern Beaches Secondary College Balgowlah Boys Campus,,
2192,8852.0,The Jannali High School,,
2193,8854.0,Birrong Girls High School,,
2194,8857.0,Georges River College Penshurst Girls Campus,,
2195,8870.0,St Marys Senior High School,,
2196,8878.0,Bulli High School,,
2197,8880.0,Callaghan College Jesmond Senior Campus,,
2198,8882.0,James Cook Boys High School,,
2199,8884.0,Epping Boys High School,,
2200,8888.0,Wiley Park Girls High School,,
2201,8892.0,Arthur Phillip High School,,
2202,8903.0,Cardiff High School,,
2203,8905.0,Cumberland High School,,
2204,8906.0,Oak Flats High School,,
2205,8907.0,Riverstone High School,,
2206,8908.0,Rooty Hill High School,,
2207,8909.0,Toronto High School,,
2208,8910.0,Cammeraygal High School,,
2209,8911.0,The Ponds High School,,
2210,8912.0,Aurora College,,
2211,8913.0,Inner Sydney High School,,
2212,8914.0,Centre of Excellence in Agricultural Education ,,
2213,8915.0,Armidale Secondary College,,
2214,8916.0,Oran Park High School,,
2215,8917.0,Murrumbidgee Regional High School,,
